,time,driverWellbeing,driverRush,rainIntensity,vehicleSpeed
0,115.08,0,5,0,8
1,127.8,3,5,3,9
2,2202.8,3,5,3,8
3,190.71,1,5,1,9
4,1314.5,3,5,3,9
5,280.11,3,5,3,9
6,849.05,3,3,3,8
7,1919.8,0,3,0,9
8,2621.3,3,5,3,9
9,2745.4,0,3,0,9
10,596.21,3,5,3,8
11,1008.1,3,5,3,9
12,1819.6,3,5,3,9
13,1005.3,1,5,1,8
14,1251.2,3,5,3,9
15,1382.0,3,5,3,9
16,1114.4,3,5,3,9
17,1300.7,3,5,3,8
18,1654.4,1,5,1,2
19,2048.7,3,5,3,8
20,0.551,0,5,0,2
21,790.47,3,5,3,9
22,1638.9,3,5,3,9
23,88.057,3,5,3,9
24,238.37,1,5,1,9
25,1395.1,3,5,3,9
26,1277.7,3,5,3,9
27,14.696,3,5,3,9
28,1290.4,2,5,2,9
29,1349.5,3,3,3,9
30,1573.9,3,5,3,8
31,1903.8,2,5,2,9
32,1651.2,3,5,3,9
33,1670.7,3,5,3,9
34,1671.3,3,5,3,9
35,2375.7,0,3,0,9
36,678.73,3,5,3,9
37,1174.9,3,5,3,9
38,1184.3,3,5,3,9
39,1195.1,3,5,3,9
40,468.06,3,5,3,8
41,468.99,3,3,3,8
42,711.2,3,5,3,9
43,767.46,3,5,3,8
44,1412.0,3,5,3,9
45,1776.3,3,5,3,9
46,1084.1,3,5,3,9
47,1092.9,3,5,3,8
48,1565.0,0,3,0,8
49,2781.2,3,5,3,9
50,3029.8,0,3,0,9
51,3154.0,3,5,3,9
52,114.46,0,5,0,8
53,230.1,3,5,3,9
54,309.16,3,5,3,9
55,453.32,3,5,3,9
56,798.73,0,3,0,8
57,947.25,3,5,3,9
58,106.03,1,5,1,9
59,865.32,2,5,2,9
60,1510.5,2,5,2,9
61,1895.8,0,3,0,9
62,2566.9,3,5,3,8
63,11.354,3,5,3,9
64,24.147,3,5,3,8
65,824.62,1,5,1,2
66,1264.5,3,5,3,9
67,526.66,3,5,3,9
68,859.17,0,3,0,9
69,1954.3,3,5,3,8
70,2252.2,3,5,3,8
71,2260.8,3,5,3,8
72,692.96,1,3,1,8
73,44.208,3,3,3,8
74,335.28,3,5,3,8
75,934.35,3,5,3,8
76,951.79,3,5,3,9
77,1098.4,3,5,3,9
78,1111.8,3,5,3,8
79,1398.9,3,5,3,9
80,1829.8,3,5,3,8
81,140.47,3,5,3,9
82,820.29,3,5,3,9
83,2574.3,2,5,2,9
84,3796.6,3,5,3,9
85,332.99,3,5,3,8
86,2151.3,3,5,3,8
87,2699.2,2,5,2,9
88,141.29,3,3,3,8
89,178.98,3,5,3,9
90,351.4,3,3,3,9
91,1363.3,3,5,3,9
92,831.71,3,3,3,8
93,1817.0,0,3,0,9
94,354.01,0,5,0,9
95,474.13,1,5,1,9
96,1892.7,3,5,3,8
97,520.67,3,5,3,9
98,899.37,0,3,0,9
99,1032.4,3,5,3,8
100,1265.8,3,5,3,9
101,2559.6,3,5,3,8
102,456.45,3,5,3,9
103,666.48,3,5,3,2
104,1849.3,3,5,3,9
105,1218.5,0,3,0,9
106,1493.8,2,5,2,9
107,1849.2,3,5,3,8
108,3566.6,3,5,3,9
109,640.92,3,5,3,8
110,1335.1,3,5,3,8
111,2846.3,3,5,3,9
112,17.709,1,3,1,8
113,373.12,0,5,0,9
114,946.59,0,5,0,2
115,1368.2,3,5,3,9
116,222.14,3,5,3,8
117,395.05,0,3,0,9
118,662.65,3,5,3,2
119,1931.6,3,5,3,9
120,177.0,3,3,3,8
121,236.9,0,5,0,9
122,436.79,1,5,1,8
123,455.36,0,5,0,9
124,1083.3,3,5,3,9
125,1120.6,3,5,3,8
126,1220.3,3,5,3,2
127,3140.3,0,3,0,9
128,3879.6,0,5,0,9
129,423.51,3,5,3,9
130,839.36,0,5,0,8
131,1005.7,0,5,0,9
132,1035.4,3,5,3,8
133,4083.2,0,3,0,8
134,104.66,3,5,3,9
135,1181.6,3,5,3,9
136,1480.8,3,5,3,9
137,461.6,3,3,3,9
138,847.96,3,3,3,8
139,1286.9,3,5,3,8
140,1543.4,3,5,3,9
141,2034.0,3,5,3,8
142,3688.1,3,5,3,9
143,212.17,3,3,3,8
144,251.98,3,5,3,8
145,247.4,3,5,3,9
146,607.53,3,5,3,8
147,2457.6,0,5,0,9
148,1322.4,3,5,3,9
149,1663.1,3,5,3,9
150,645.54,2,5,2,9
151,1776.7,3,5,3,8
152,1886.7,0,3,0,8
153,1918.6,3,5,3,9
154,646.64,3,5,3,9
155,1454.2,3,5,3,9
156,131.42,0,5,0,9
157,184.21,3,3,3,9
158,1926.1,3,5,3,9
159,2713.5,3,5,3,9
160,148.83,0,5,0,8
161,364.96,3,5,3,9
162,1742.8,0,3,0,9
163,419.09,3,5,3,9
164,421.61,3,5,3,9
165,858.03,1,5,1,8
166,947.5,0,3,0,9
167,74.717,0,5,0,9
168,662.78,3,5,3,9
169,1744.8,3,5,3,9
170,130.26,3,5,3,9
171,1709.0,3,5,3,9
172,2482.4,3,5,3,8
173,330.4,3,5,3,9
174,621.42,3,5,3,9
175,622.04,3,5,3,9
176,1304.1,3,5,3,9
177,501.37,0,3,0,9
178,1798.7,3,5,3,9
179,150.82,3,5,3,2
180,519.59,1,5,1,8
181,1788.0,3,5,3,9
182,1495.4,3,5,3,8
183,1776.4,3,5,3,9
184,2113.7,3,5,3,9
185,3103.3,2,5,2,9
186,3122.1,0,3,0,9
187,109.0,1,5,1,8
188,139.51,3,5,3,2
189,1116.6,3,5,3,9
190,165.0,3,5,3,8
191,415.89,3,5,3,2
192,826.74,0,3,0,9
193,2328.6,3,5,3,8
194,2772.0,0,3,0,9
195,561.9,0,5,0,9
196,775.29,3,5,3,9
197,889.93,3,5,3,8
198,1053.6,3,5,3,9
199,1826.3,3,5,3,9
200,508.5,3,5,3,9
201,1231.4,3,5,3,9
202,376.88,3,5,3,9
203,535.85,3,5,3,8
204,905.58,1,5,1,9
205,465.86,3,5,3,9
206,753.37,3,5,3,9
207,971.02,3,5,3,9
208,475.94,3,5,3,8
209,648.28,0,3,0,9
210,2263.3,3,3,3,9
211,1139.2,3,5,3,9
212,1154.1,3,5,3,9
213,110.32,3,5,3,9
214,421.46,3,5,3,9
215,427.32,1,5,1,8
216,1620.2,0,3,0,9
217,1873.6,3,5,3,8
218,846.22,1,3,1,2
219,1126.6,3,5,3,9
220,1886.1,3,5,3,8
221,729.4,3,3,3,9
222,466.31,3,5,3,9
223,657.79,1,3,1,8
224,681.85,3,5,3,8
225,1010.3,3,5,3,9
226,1317.5,3,5,3,9
227,1685.8,3,5,3,9
228,517.04,3,5,3,8
229,812.92,3,5,3,2
230,1630.5,3,5,3,9
231,3024.7,3,5,3,9
232,5.927,3,5,3,9
233,261.7,3,3,3,8
234,851.97,3,5,3,9
235,1381.7,3,5,3,9
236,1936.0,3,5,3,9
237,516.82,1,5,1,9
238,591.4,3,5,3,9
239,843.88,0,3,0,9
240,397.0,0,3,0,8
241,1028.9,3,5,3,8
242,1243.3,0,3,0,9
243,2775.7,3,5,3,8
244,3036.2,2,5,2,9
245,911.12,1,5,1,8
246,969.67,3,5,3,9
247,1667.7,3,5,3,9
248,1890.6,0,3,0,8
249,2124.9,3,5,3,9
250,219.15,3,5,3,8
251,1112.0,3,5,3,9
252,1538.1,3,5,3,9
253,1642.0,3,5,3,8
254,312.52,0,3,0,9
255,640.34,0,3,0,9
256,1672.2,1,5,1,2
257,3486.8,3,5,3,9
258,3924.6,3,5,3,8
259,525.57,3,5,3,8
260,565.14,3,5,3,8
261,747.47,0,3,0,8
262,853.35,3,5,3,9
263,1652.9,3,3,3,9
264,2058.6,3,5,3,8
265,525.88,3,3,3,9
266,1008.4,3,5,3,9
267,1024.0,1,5,1,8
268,1098.1,1,5,1,8
269,1158.0,0,5,0,9
270,1393.6,0,5,0,9
271,43.317,0,5,0,9
272,286.54,3,5,3,9
273,1543.1,0,5,0,9
274,2171.8,3,5,3,2
275,39.627,3,5,3,8
276,1068.0,1,5,1,8
277,1513.8,3,5,3,9
278,316.43,3,5,3,9
279,369.38,3,3,3,8
280,963.0,3,5,3,9
281,131.38,3,5,3,9
282,253.73,3,5,3,9
283,1175.9,3,5,3,8
284,1193.2,1,5,1,9
285,1481.6,3,5,3,8
286,265.39,1,5,1,8
287,1251.7,3,5,3,9
288,1747.4,3,5,3,9
289,452.31,3,3,3,8
290,991.67,0,3,0,9
291,1227.2,3,3,3,9
292,1254.2,3,5,3,9
293,1945.9,3,5,3,9
294,201.91,3,5,3,8
295,406.14,3,5,3,8
296,598.3,1,3,1,8
297,52.507,3,5,3,9
298,1467.1,3,5,3,9
299,1849.5,3,5,3,2
300,2713.2,0,3,0,9
301,202.16,3,5,3,8
302,221.21,3,5,3,9
303,492.04,3,5,3,8
304,125.88,3,5,3,9
305,272.8,0,3,0,8
306,729.6,3,5,3,9
307,1780.5,3,5,3,9
308,1810.4,0,3,0,8
309,2087.0,0,3,0,9
310,811.42,3,5,3,2
311,1863.4,3,5,3,9
312,225.12,3,5,3,9
313,246.96,3,5,3,9
314,816.0,3,5,3,9
315,1525.9,3,5,3,9
316,796.82,3,3,3,9
317,1590.5,2,5,2,9
318,1870.6,3,5,3,8
319,1073.3,3,5,3,2
320,1085.2,2,5,2,9
321,1542.9,0,3,0,9
322,3284.7,0,3,0,9
323,234.29,0,5,0,2
324,727.85,3,5,3,9
325,946.26,3,5,3,9
326,1456.8,3,5,3,8
327,679.52,3,3,3,9
328,1301.2,3,5,3,8
329,2884.4,2,5,2,9
330,562.15,3,5,3,9
331,226.06,3,3,3,8
332,655.19,3,5,3,9
333,1560.1,0,3,0,9
334,2663.1,0,3,0,9
335,3243.9,0,3,0,9
336,71.077,0,5,0,2
337,2075.7,3,5,3,9
338,2137.7,3,5,3,9
339,2917.6,3,5,3,8
340,3000.6,2,5,2,9
341,118.78,0,5,0,8
342,263.57,3,5,3,9
343,1405.0,1,5,1,8
344,789.25,3,5,3,9
345,708.1,3,5,3,9
346,776.64,1,3,1,8
347,1319.5,3,5,3,9
348,73.827,3,5,3,9
349,345.4,3,5,3,9
350,777.01,3,5,3,9
351,932.01,3,5,3,8
352,31.608,3,5,3,8
353,167.44,3,5,3,9
354,405.25,3,5,3,9
355,1390.3,3,5,3,8
356,1732.5,1,5,1,9
357,434.73,3,5,3,8
358,1078.5,3,5,3,9
359,1172.2,3,5,3,9
360,67.587,0,3,0,8
361,195.36,3,5,3,9
362,375.1,3,3,3,8
363,989.76,3,5,3,8
364,1000.4,3,5,3,9
365,2109.5,3,5,3,8
366,1289.3,0,3,0,9
367,2397.3,3,5,3,9
368,3062.5,3,5,3,9
369,996.75,3,5,3,9
370,1223.7,3,5,3,8
371,614.82,3,5,3,9
372,1139.8,0,3,0,9
373,712.27,3,5,3,8
374,731.89,3,5,3,2
375,1508.7,3,5,3,9
376,1027.5,3,3,3,8
377,1102.7,3,5,3,9
378,1975.0,2,5,2,9
379,2122.1,3,5,3,8
380,1240.9,3,5,3,9
381,174.14,3,5,3,9
382,2353.1,3,5,3,9
383,240.53,3,5,3,2
384,2019.2,3,5,3,8
385,127.5,3,3,3,9
386,139.96,3,5,3,9
387,369.83,3,5,3,9
388,929.4,3,5,3,9
389,1143.8,3,3,3,8
390,1188.4,3,3,3,9
391,1775.0,3,5,3,8
392,1848.9,0,3,0,9
393,2501.9,3,5,3,9
394,961.69,3,5,3,9
395,613.86,3,5,3,9
396,924.35,3,5,3,9
397,2353.0,3,5,3,8
398,2422.4,3,5,3,9
399,3861.5,3,5,3,9
400,216.95,3,5,3,9
401,689.61,0,3,0,2
402,886.3,0,3,0,8
403,1523.3,3,5,3,9
404,1076.5,3,5,3,2
405,1421.2,2,5,2,9
406,1432.8,3,5,3,9
407,2142.1,3,5,3,8
408,4009.1,0,3,0,9
409,1528.0,3,5,3,9
410,1701.9,1,5,1,9
411,2124.4,3,5,3,8
412,472.3,3,5,3,9
413,1996.8,3,5,3,9
414,3133.7,3,5,3,9
415,3966.4,3,5,3,9
416,1717.2,3,5,3,9
417,36.027,3,3,3,8
418,43.559,1,5,1,9
419,907.33,3,5,3,9
420,25.257,3,5,3,9
421,1478.7,1,5,1,9
422,1842.0,3,5,3,8
423,2609.2,0,3,0,9
424,475.38,0,3,0,9
425,697.59,3,5,3,8
426,332.47,3,5,3,8
427,784.5,3,5,3,9
428,1557.0,3,5,3,9
429,1769.5,3,5,3,9
430,403.55,3,5,3,9
431,1156.8,0,5,0,9
432,1731.9,3,5,3,8
433,200.89,3,5,3,8
434,1501.1,3,3,3,9
435,1055.2,3,5,3,9
436,1937.1,3,5,3,8
437,826.45,3,5,3,2
438,1575.6,0,3,0,8
439,1703.2,3,5,3,9
440,3741.4,3,5,3,9
441,241.73,3,5,3,9
442,603.91,3,5,3,9
443,707.02,3,5,3,9
444,1601.3,3,5,3,9
445,1668.5,3,5,3,9
446,438.07,3,5,3,8
447,987.15,1,5,1,9
448,1665.1,3,5,3,9
449,2463.2,3,5,3,8
450,3555.2,0,3,0,9
451,55.288,3,5,3,8
452,1536.9,3,5,3,9
453,1656.1,3,5,3,9
454,1997.9,3,5,3,9
455,950.85,3,5,3,2
456,2108.4,3,5,3,8
457,2141.7,3,3,3,9
458,2606.5,0,3,0,9
459,253.95,0,5,0,8
460,408.01,3,5,3,8
461,1197.2,3,5,3,8
462,1167.1,3,5,3,9
463,1925.8,3,5,3,8
464,2723.5,3,5,3,2
465,3069.3,3,5,3,9
466,186.62,3,5,3,9
467,1569.8,0,3,0,9
468,55.016,1,5,1,9
469,507.84,3,3,3,8
470,1945.9,3,5,3,9
471,2250.8,0,3,0,9
472,2359.9,3,5,3,9
473,240.38,0,5,0,8
474,644.22,0,5,0,9
475,372.35,3,3,3,9
476,2516.8,3,5,3,8
477,2676.1,0,3,0,9
478,1624.7,0,3,0,9
479,3958.3,0,5,0,9
480,416.64,3,5,3,9
481,1636.5,3,5,3,8
482,2121.8,0,3,0,9
483,2374.5,3,5,3,9
484,2603.0,3,5,3,8
485,30.337,3,5,3,8
486,423.91,0,5,0,9
487,719.96,3,5,3,9
488,809.64,3,5,3,9
489,1604.6,3,5,3,9
490,1834.9,2,5,2,9
491,2275.0,3,5,3,2
492,394.49,3,5,3,9
493,585.86,0,5,0,8
494,1577.4,0,5,0,9
495,522.62,3,5,3,9
496,864.33,0,3,0,9
497,2151.6,3,5,3,8
498,2336.5,2,5,2,9
499,364.87,3,5,3,9
500,534.57,1,3,1,2
501,675.22,0,5,0,8
502,803.9,3,5,3,8
503,1113.4,3,5,3,8
504,365.75,3,5,3,9
505,447.36,3,5,3,9
506,467.82,3,5,3,9
507,1513.8,0,3,0,8
508,2888.9,3,5,3,9
509,209.71,3,5,3,9
510,423.04,3,5,3,8
511,1754.7,3,5,3,9
512,1418.8,2,5,2,9
513,1873.7,3,5,3,8
514,2666.8,3,5,3,9
515,795.03,2,5,2,9
516,133.92,1,3,1,8
517,1870.9,3,5,3,9
518,2139.6,3,5,3,2
519,582.6,3,5,3,8
520,844.78,0,3,0,9
521,1159.6,3,5,3,8
522,1189.9,3,5,3,9
523,797.72,0,3,0,9
524,1429.4,3,5,3,9
525,2044.2,3,5,3,7
526,2088.0,3,5,3,8
527,2742.5,0,3,0,9
528,2777.9,3,5,3,8
529,934.95,3,5,3,9
530,1460.1,3,5,3,8
531,1819.3,3,5,3,9
532,218.37,1,5,1,9
533,283.04,3,3,3,9
534,1021.6,3,5,3,8
535,2491.0,3,5,3,9
536,1373.3,3,5,3,9
537,639.51,3,5,3,9
538,771.37,3,5,3,8
539,1175.1,3,5,3,7
540,1491.4,3,5,3,9
541,2239.2,2,5,2,9
542,61.367,0,5,0,9
543,987.87,3,5,3,9
544,1514.4,3,5,3,9
545,417.45,3,3,3,8
546,1140.2,2,5,2,9
547,2185.5,2,5,2,9
548,2556.0,3,5,3,8
549,728.51,0,5,0,8
550,438.56,3,5,3,2
551,553.39,0,3,0,9
552,1470.6,3,5,3,8
553,2939.0,0,3,0,9
554,232.47,0,5,0,9
555,1177.3,3,5,3,9
556,1384.6,3,5,3,9
557,2118.0,3,5,3,8
558,120.41,0,5,0,8
559,158.6,3,5,3,9
560,161.67,3,5,3,8
561,263.21,3,5,3,8
562,285.61,3,5,3,9
563,582.45,3,5,3,9
564,1697.2,3,5,3,8
565,452.54,3,5,3,9
566,978.92,3,5,3,8
567,1513.9,3,5,3,8
568,1536.9,0,3,0,9
569,1360.6,3,5,3,9
570,185.66,3,5,3,9
571,564.97,3,5,3,8
572,1438.3,3,5,3,9
573,1784.8,3,3,3,9
574,2195.8,3,5,3,2
575,2609.4,0,3,0,9
576,3289.6,3,5,3,9
577,433.51,3,5,3,8
578,1111.9,3,5,3,8
579,512.08,3,5,3,9
580,522.06,3,5,3,9
581,1555.9,0,5,0,8
582,2701.1,0,3,0,8
583,3907.0,0,5,0,9
584,151.3,3,5,3,8
585,1511.5,3,5,3,9
586,935.75,0,3,0,9
587,3045.0,3,5,3,9
588,164.27,3,5,3,8
589,1258.6,3,5,3,8
590,1589.8,3,5,3,9
591,911.71,3,5,3,9
592,707.25,0,5,0,9
593,1026.9,3,5,3,8
594,1485.7,3,5,3,8
595,1586.5,3,5,3,8
596,2752.8,3,5,3,2
597,988.21,3,5,3,9
598,1156.7,3,5,3,8
599,1768.0,0,5,0,8
600,1768.8,0,5,0,8
601,1548.6,3,5,3,9
602,261.17,3,5,3,8
603,1420.7,0,3,0,9
604,167.63,3,3,3,8
605,1619.2,3,5,3,9
606,1742.9,0,3,0,9
607,600.13,3,5,3,8
608,825.2,0,3,0,8
609,1850.0,3,5,3,9
610,2594.2,0,3,0,9
611,2819.3,3,5,3,9
612,2938.7,3,5,3,9
613,113.66,0,3,0,8
614,853.35,3,5,3,9
615,948.94,3,5,3,9
616,1526.1,2,5,2,9
617,2041.5,0,5,0,8
618,2123.1,3,5,3,8
619,2197.1,3,5,3,2
620,2869.7,0,3,0,9
621,4210.6,0,5,0,9
622,1337.1,1,5,1,8
623,714.8,3,5,3,8
624,276.61,3,5,3,8
625,911.68,3,5,3,9
626,2059.1,3,5,3,9
627,1971.8,2,5,2,9
628,3028.4,3,5,3,9
629,3639.9,0,3,0,9
630,3833.4,0,3,0,8
631,431.3,3,5,3,9
632,1507.7,3,5,3,9
633,1785.2,3,5,3,9
634,743.49,3,5,3,8
635,1324.3,3,5,3,2
636,28.089,1,5,1,8
637,782.98,3,5,3,8
638,25.716,1,5,1,8
639,1998.2,0,3,0,9
640,2910.3,3,5,3,7
641,1088.0,3,5,3,8
642,1532.4,3,5,3,9
643,920.37,3,5,3,9
644,1768.6,3,5,3,9
645,2227.4,3,3,3,9
646,2240.2,0,3,0,9
647,3438.1,3,5,3,9
648,867.86,3,5,3,9
649,151.56,0,5,0,9
650,420.76,0,3,0,9
651,1381.9,3,5,3,9
652,1977.0,3,5,3,9
653,26.739,3,5,3,9
654,204.84,3,5,3,9
655,437.65,3,5,3,9
656,362.74,0,3,0,9
657,1629.1,0,3,0,8
658,184.46,3,5,3,8
659,1416.8,3,5,3,9
660,2098.6,3,5,3,9
661,2288.2,3,5,3,8
662,91.231,3,5,3,9
663,275.85,0,5,0,9
664,59.587,3,3,3,8
665,868.83,0,3,0,9
666,1389.0,1,5,1,9
667,1602.5,3,3,3,9
668,426.92,3,5,3,9
669,870.55,0,5,0,8
670,622.56,3,3,3,9
671,1361.7,3,5,3,8
672,2643.8,3,5,3,9
673,204.53,3,5,3,9
674,1155.2,0,3,0,9
675,1165.2,3,5,3,9
676,245.88,3,5,3,8
677,1691.0,0,3,0,8
678,2644.3,0,3,0,9
679,3343.6,3,5,3,9
680,217.81,3,5,3,9
681,949.71,0,5,0,2
682,1669.9,3,5,3,9
683,318.92,3,5,3,9
684,1317.8,3,5,3,8
685,1484.5,0,3,0,9
686,1781.3,3,5,3,8
687,2311.9,2,5,2,9
688,46.237,3,5,3,9
689,268.47,3,5,3,9
690,815.24,3,5,3,9
691,1514.9,1,5,1,2
692,2456.6,0,3,0,9
693,618.08,3,5,3,9
694,712.5,3,5,3,9
695,1100.8,3,5,3,9
696,1397.8,3,5,3,8
697,826.56,3,3,3,9
698,7.019,3,5,3,9
699,87.496,3,3,3,8
700,507.76,0,5,0,8
701,1511.9,3,5,3,9
702,529.47,3,5,3,2
703,1625.5,3,5,3,2
704,781.73,3,5,3,9
705,2235.8,3,5,3,8
706,3704.9,0,5,0,9
707,8.896,3,5,3,8
708,58.027,3,5,3,8
709,221.51,3,5,3,9
710,1374.4,3,5,3,8
711,2016.8,3,5,3,8
712,2460.0,0,3,0,9
713,3056.1,2,5,2,9
714,261.59,3,5,3,9
715,1710.0,1,5,1,9
716,142.75,3,5,3,9
717,2759.2,3,5,3,8
718,3882.3,3,5,3,9
719,515.85,3,5,3,9
720,635.71,3,5,3,9
721,1679.9,3,5,3,9
722,2384.1,3,5,3,9
723,438.8,3,5,3,9
724,678.78,0,3,0,8
725,867.35,3,5,3,9
726,1718.9,3,5,3,9
727,1889.7,3,5,3,8
728,765.4,2,5,2,9
729,1197.5,0,3,0,9
730,2189.7,3,5,3,8
731,43.167,3,5,3,8
732,293.2,3,5,3,9
733,331.24,3,5,3,9
734,891.59,3,5,3,9
735,897.26,3,5,3,9
736,357.57,3,5,3,9
737,3537.2,3,5,3,9
738,1481.8,3,5,3,9
739,1483.9,3,5,3,8
740,1495.8,0,5,0,9
741,1757.7,3,5,3,9
742,1821.2,3,5,3,9
743,695.98,3,5,3,9
744,875.25,3,5,3,9
745,1136.7,3,5,3,8
746,1306.3,3,5,3,9
747,868.26,2,5,2,9
748,2216.5,3,5,3,2
749,701.76,0,3,0,8
750,25.475,3,5,3,9
751,1246.2,3,5,3,8
752,2169.4,0,3,0,9
753,2500.3,3,5,3,8
754,712.82,3,5,3,8
755,744.62,3,5,3,9
756,281.06,3,5,3,9
757,708.42,3,5,3,8
758,1222.9,3,5,3,8
759,1978.8,3,5,3,9
760,1168.6,0,3,0,8
761,2389.4,3,5,3,8
762,2503.6,3,5,3,8
763,990.13,3,5,3,9
764,1063.9,0,3,0,8
765,748.13,3,5,3,9
766,1121.4,3,5,3,8
767,1553.7,3,5,3,8
768,3365.6,3,5,3,9
769,879.58,3,5,3,9
770,1085.7,3,5,3,9
771,1970.1,3,5,3,9
772,1985.4,3,5,3,2
773,2547.6,0,3,0,9
774,2711.9,3,5,3,8
775,912.75,3,5,3,9
776,941.46,3,5,3,9
777,752.78,3,5,3,8
778,2376.2,3,5,3,8
779,3242.1,0,3,0,9
780,791.79,3,5,3,9
781,1624.0,0,5,0,9
782,2326.2,3,5,3,9
783,270.22,3,5,3,9
784,698.96,3,5,3,9
785,599.77,3,5,3,9
786,1133.3,1,5,1,9
787,1505.4,3,3,3,8
788,2376.5,3,5,3,9
789,2600.3,3,5,3,9
790,3961.8,0,5,0,9
791,1734.8,3,5,3,9
792,1938.0,3,5,3,8
793,1621.2,0,3,0,9
794,1935.6,3,3,3,9
795,3792.2,0,5,0,9
796,234.03,3,5,3,9
797,382.95,3,5,3,9
798,333.2,0,3,0,8
799,425.27,3,5,3,9
800,790.66,3,5,3,9
801,1954.3,3,5,3,9
802,2804.3,0,3,0,9
803,3242.7,0,3,0,9
804,152.57,3,5,3,8
805,1509.0,3,5,3,9
806,1068.2,1,5,1,9
807,2383.5,3,5,3,9
808,328.02,3,5,3,8
809,1362.3,3,5,3,9
810,27.735,3,5,3,9
811,376.32,0,3,0,8
812,748.27,3,5,3,9
813,1042.7,3,5,3,9
814,1782.7,3,5,3,9
815,2672.5,3,5,3,9
816,1437.5,3,3,3,8
817,3194.7,3,5,3,9
818,821.0,3,5,3,2
819,865.99,3,5,3,8
820,491.54,3,5,3,8
821,2539.7,0,3,0,9
822,38.247,0,5,0,8
823,982.73,3,5,3,9
824,61.757,3,5,3,8
825,1262.7,3,5,3,9
826,2841.8,0,3,0,9
827,1012.5,3,5,3,9
828,1952.2,3,5,3,8
829,1426.0,3,5,3,9
830,4202.4,0,5,0,9
831,13.106,3,5,3,9
832,131.62,3,5,3,8
833,220.19,1,1,1,8
834,149.7,0,5,0,9
835,320.99,3,5,3,9
836,1419.2,3,3,3,8
837,3190.8,0,3,0,9
838,217.29,3,5,3,9
839,940.79,3,5,3,9
840,973.85,3,5,3,9
841,1008.6,3,5,3,9
842,1831.7,3,5,3,9
843,784.23,3,5,3,8
844,3336.4,0,3,0,9
845,147.08,3,5,3,9
846,460.72,0,5,0,9
847,1011.9,3,5,3,9
848,344.51,3,5,3,9
849,1465.5,3,5,3,8
850,1858.8,0,3,0,9
851,208.29,3,5,3,9
852,1609.2,3,5,3,8
853,1954.9,3,5,3,8
854,2934.4,3,5,3,2
855,900.22,3,5,3,9
856,907.23,3,5,3,9
857,1554.9,3,5,3,9
858,427.62,3,5,3,9
859,74.387,3,5,3,8
860,519.93,3,5,3,9
861,620.13,3,5,3,9
862,1412.0,1,5,1,9
863,1871.5,0,5,0,2
864,2580.5,2,5,2,9
865,103.25,3,5,3,9
866,304.56,3,3,3,8
867,484.14,3,5,3,8
868,1362.6,3,3,3,8
869,3243.2,0,3,0,9
870,676.28,3,5,3,9
871,754.71,1,5,1,8
872,200.62,3,3,3,8
873,309.76,1,5,1,2
874,333.96,1,3,1,8
875,352.52,3,5,3,9
876,1143.2,3,5,3,9
877,1729.6,3,5,3,9
878,298.55,3,5,3,9
879,2210.3,0,3,0,9
880,1247.8,3,5,3,9
881,61.807,3,5,3,9
882,1703.2,3,5,3,9
883,319.29,3,5,3,9
884,593.48,3,3,3,9
885,773.13,3,5,3,8
886,1427.0,3,5,3,9
887,1922.1,3,5,3,9
888,3086.3,3,5,3,9
889,701.43,0,3,0,9
890,1067.7,3,5,3,9
891,1433.1,3,5,3,8
892,965.05,3,5,3,9
893,1348.9,3,5,3,2
894,3133.3,3,5,3,9
895,588.24,3,5,3,9
896,2982.8,3,5,3,2
897,335.1,3,5,3,8
898,1391.1,1,3,1,9
899,1871.2,3,5,3,9
900,611.95,0,3,0,9
901,787.26,3,5,3,8
902,855.69,3,5,3,9
903,2376.9,0,3,0,9
904,3153.6,3,5,3,9
905,3603.3,0,3,0,9
906,142.61,3,5,3,2
907,572.19,1,3,1,8
908,1469.5,3,5,3,9
909,95.604,3,5,3,9
910,603.18,3,5,3,2
911,1084.6,0,3,0,9
912,2666.5,0,3,0,8
913,363.1,3,5,3,9
914,255.34,3,5,3,8
915,510.7,3,5,3,9
916,523.57,0,3,0,8
917,1681.2,3,3,3,9
918,2640.0,3,5,3,9
919,3479.7,3,5,3,9
920,522.84,0,5,0,9
921,608.19,3,5,3,9
922,1363.6,3,5,3,8
923,1519.8,3,5,3,9
924,4163.0,0,3,0,9
925,171.02,3,5,3,9
926,619.76,3,5,3,9
927,698.58,3,5,3,8
928,1069.8,1,5,1,8
929,1446.5,3,5,3,9
930,1461.3,0,3,0,9
931,1786.2,3,5,3,8
932,2313.2,0,3,0,9
933,3605.3,3,5,3,9
934,1388.7,3,5,3,8
935,64.197,3,5,3,9
936,360.21,3,5,3,9
937,759.77,3,5,3,8
938,1007.6,3,5,3,8
939,1467.0,3,5,3,9
940,305.49,3,5,3,8
941,1637.1,3,5,3,9
942,799.57,3,5,3,9
943,857.55,3,5,3,9
944,2015.7,3,5,3,8
945,2031.7,3,5,3,9
946,3992.9,0,5,0,9
947,133.63,3,5,3,9
948,226.65,3,5,3,9
949,563.04,3,5,3,9
950,995.38,3,5,3,9
951,1952.9,3,5,3,8
952,159.16,3,5,3,9
953,362.62,3,5,3,8
954,1577.7,3,5,3,8
955,2196.9,3,5,3,2
956,2537.3,3,5,3,8
957,3270.5,0,3,0,9
958,603.89,1,5,1,9
959,921.01,0,5,0,9
960,1280.9,3,5,3,9
961,1707.5,3,5,3,8
962,406.95,0,3,0,9
963,566.04,3,5,3,2
964,1582.6,3,3,3,9
965,2193.3,0,3,0,8
966,1078.6,3,5,3,8
967,1192.5,3,5,3,9
968,129.01,3,3,3,9
969,182.95,0,3,0,8
970,316.87,3,5,3,9
971,691.49,3,5,3,9
972,1822.6,3,5,3,9
973,2965.5,3,5,3,9
974,1581.9,3,5,3,8
975,374.11,2,5,2,9
976,732.04,3,5,3,9
977,1176.4,3,5,3,9
978,2128.8,3,5,3,8
979,1663.0,3,5,3,9
980,1457.3,2,5,2,9
981,1534.5,3,5,3,8
982,1953.5,3,5,3,8
983,2070.2,0,5,0,2
984,3928.9,0,3,0,9
985,108.84,0,5,0,9
986,288.6,3,5,3,9
987,521.23,3,5,3,8
988,539.28,3,5,3,9
989,925.77,3,5,3,9
990,1628.7,3,5,3,8
991,1407.0,3,3,3,9
992,3126.8,0,3,0,9
993,228.8,3,5,3,9
994,269.31,3,5,3,8
995,352.82,3,3,3,8
996,656.52,3,5,3,9
997,109.56,3,5,3,9
998,490.93,3,5,3,9
999,1375.1,3,5,3,9
1000,30.708,3,5,3,8
1001,1638.1,3,5,3,8
1002,509.45,3,5,3,9
1003,69.728,3,5,3,9
1004,1071.8,3,5,3,9
1005,197.29,3,5,3,9
1006,973.99,3,5,3,8
1007,1332.0,3,5,3,8
1008,1611.5,3,5,3,8
1009,1862.5,3,5,3,8
1010,2319.2,3,5,3,9
1011,1342.9,3,5,3,9
1012,1492.2,3,5,3,9
1013,90.045,3,3,3,9
1014,299.06,3,5,3,9
1015,2227.9,0,3,0,9
1016,129.93,3,5,3,9
1017,223.05,3,5,3,9
1018,1924.2,3,5,3,9
1019,1412.5,3,5,3,8
1020,3394.7,3,5,3,9
1021,142.66,1,5,1,8
1022,416.88,0,3,0,9
1023,2069.5,3,5,3,8
1024,2417.2,0,3,0,9
1025,3419.4,3,5,3,9
1026,3691.7,0,3,0,9
1027,1047.1,1,5,1,8
1028,1776.6,3,5,3,8
1029,896.41,3,5,3,9
1030,368.83,3,5,3,9
1031,459.02,3,5,3,7
1032,1595.7,0,5,0,9
1033,2242.4,3,5,3,8
1034,3888.4,0,5,0,9
1035,25.927,3,5,3,8
1036,297.63,1,5,1,2
1037,777.59,3,5,3,8
1038,1262.0,3,5,3,9
1039,1372.9,3,5,3,9
1040,2212.1,3,5,3,9
1041,387.0,3,5,3,8
1042,1189.9,3,5,3,9
1043,970.06,3,5,3,9
1044,260.85,3,5,3,9
1045,835.95,3,5,3,9
1046,2647.4,3,5,3,9
1047,504.7,3,5,3,9
1048,1452.5,0,3,0,9
1049,2581.3,3,5,3,9
1050,2920.4,3,5,3,8
1051,215.74,3,5,3,8
1052,347.01,0,3,0,8
1053,1259.8,1,5,1,2
1054,386.45,3,5,3,9
1055,2812.5,3,5,3,9
1056,2844.7,3,5,3,2
1057,3774.9,0,5,0,9
1058,168.24,3,5,3,9
1059,683.07,3,5,3,9
1060,1135.8,3,5,3,9
1061,165.92,3,5,3,9
1062,907.34,3,5,3,9
1063,1157.2,3,5,3,9
1064,1196.1,3,3,3,9
1065,1654.1,0,3,0,9
1066,1776.4,3,5,3,9
1067,1324.1,3,5,3,9
1068,1340.6,3,5,3,9
1069,3969.1,3,5,3,9
1070,84.936,3,5,3,9
1071,513.72,3,5,3,9
1072,950.9,3,5,3,9
1073,659.16,3,5,3,9
1074,815.77,3,5,3,8
1075,2526.0,0,3,0,9
1076,2555.1,0,3,0,9
1077,2862.2,3,5,3,9
1078,184.29,3,5,3,8
1079,1762.6,3,5,3,9
1080,1086.7,3,3,3,9
1081,1219.3,1,5,1,9
1082,1799.6,3,5,3,9
1083,572.6,3,5,3,9
1084,70.434,3,5,3,8
1085,279.9,3,5,3,9
1086,695.05,3,5,3,9
1087,819.66,3,5,3,9
1088,1125.4,3,5,3,8
1089,1320.4,3,5,3,8
1090,1525.0,0,3,0,9
1091,3324.9,0,3,0,9
1092,127.92,3,5,3,8
1093,376.12,3,5,3,9
1094,693.95,3,5,3,8
1095,1237.9,3,5,3,8
1096,1467.5,1,5,1,9
1097,1610.6,3,3,3,9
1098,1906.6,3,5,3,8
1099,2997.6,3,5,3,9
1100,899.0,1,5,1,9
1101,1032.6,3,5,3,9
1102,1215.8,1,5,1,9
1103,1812.6,3,5,3,9
1104,261.95,3,5,3,9
1105,616.67,3,5,3,9
1106,834.8,3,5,3,8
1107,1201.3,3,5,3,2
1108,2272.1,2,5,2,9
1109,3577.4,3,5,3,9
1110,526.79,0,5,0,8
1111,621.94,0,5,0,9
1112,631.02,3,5,3,9
1113,758.4,3,5,3,9
1114,1689.1,3,5,3,9
1115,1721.9,3,5,3,9
1116,193.74,0,3,0,9
1117,214.24,3,5,3,9
1118,234.13,0,3,0,9
1119,661.17,3,5,3,9
1120,1794.1,0,3,0,9
1121,2250.0,3,3,3,9
1122,2573.7,3,5,3,8
1123,2868.2,2,5,2,9
1124,3463.4,3,5,3,8
1125,702.65,3,5,3,8
1126,985.73,3,5,3,9
1127,771.48,3,5,3,9
1128,42.937,3,5,3,8
1129,91.527,3,3,3,8
1130,182.32,1,3,1,8
1131,210.19,0,5,0,9
1132,635.36,3,5,3,9
1133,775.91,3,5,3,9
1134,1264.5,3,5,3,9
1135,113.8,3,5,3,9
1136,110.01,3,5,3,9
1137,1537.6,0,3,0,9
1138,2127.0,0,3,0,9
1139,2135.0,3,5,3,9
1140,1623.9,1,5,1,8
1141,937.33,0,3,0,9
1142,2191.0,3,5,3,9
1143,2552.1,3,5,3,2
1144,209.89,3,5,3,9
